Nombre del Cliente,ID,Direcci√≥n,Corrreo,Numero de Identificacion,Telefono,ID Platform
Angel Daniel,1,"USNS Davis
FPO AP 78518",rmiller@boyer.com,149186547,(873)222-2692x09480,1
Matthew Wilson,2,"42023 Barrett Path Suite 281
Jeremyborough, OH 72889",matthew15@ramirez.com,475925688,(264)225-7425,2
Jennifer Phelps,3,"392 Smith Corners Apt. 737
East Angeltown, MO 64086",echristian@hotmail.com,112231541,248.695.2117,2
Jonathan Cook,4,"657 Landry Way Suite 966
Robinsonfurt, CA 22461",zjones@yahoo.com,708283326,0756633727,2
Lindsay Garcia,5,"906 Justin Locks Apt. 838
Port Timothyview, AR 68865",juliamatthews@carpenter.com,959234562,001-158-358-0277,2
Eric Klein,6,"0571 Carroll Cliffs
Davisstad, WI 00721",acostajoshua@hotmail.com,243553915,9179003714,1
Ashley Adams,7,"660 Marcus Camp Suite 262
Port Stevenmouth, NC 10819",elambert@cook.info,7005498,(224)273-1751x2329,2
Meghan Nguyen,8,"259 Jared Manor
Brownville, AZ 52844",hhughes@randolph-ingram.com,724330039,767.278.8207,1
Ryan Richards,9,"695 Francis Cliffs
Port Bryantown, VT 33873",phillipcarter@hotmail.com,643387222,001-398-345-1521x215,1
Janice Alexander,10,"81268 Hamilton Fort
Fitzgeraldfort, ID 71489",matthew55@leach-blackburn.com,215716832,+1-411-073-0697x704,2
Katherine Dunn,11,"837 Schneider Spur Suite 656
Darrellmouth, WI 33323",golson@davis.info,92651576,6081126986,2
Brett Odom,12,"952 Barbara Turnpike
Jacquelinebury, MO 71346",colemanjames@chavez.info,724488250,550.725.0901,1
Jenna Scott,13,"Unit 1694 Box 1865
DPO AE 26667",rogerseric@hotmail.com,265881315,404-358-1223x371,2
Andrew Johns,14,"62457 Booth Mews Apt. 453
Lake Vincentport, DE 49208",lorinelson@hotmail.com,401149568,894-499-5852x2479,1
Christine Curtis,15,"2480 Jesse Unions Suite 534
East Antonioshire, MS 71510",christopherferguson@acevedo-robertson.info,778029406,554.861.0493x592,2
Madison Jones,16,"USNS Ferguson
FPO AP 50263",wattsdavid@morgan-wheeler.com,307805784,149.766.5747,2
Tracy Simmons,17,"76775 Jennifer Orchard Apt. 758
Port Lance, NH 53890",bryan30@williams.com,484837788,0383343588,1
Shelby Wolf,18,"613 Billy Radial Suite 171
South Benjamin, WY 15230",daniel46@gmail.com,962795476,7506854443,1
Kyle Jackson,19,"24896 Helen Rapid Suite 758
New Joseph, MN 97017",pwheeler@yahoo.com,965030358,001-392-237-6541x8420,2
Linda Shepard,20,"4947 Reynolds Islands
Kathleenburgh, DE 96988",munozcharles@yahoo.com,644042817,2931087130,2
Kathleen Brady,21,"Unit 6453 Box 5308
DPO AA 48049",victoria31@gmail.com,689720635,2253893664,1
Bobby Luna,22,"2923 Michael Fords Suite 316
Dustinton, IN 31032",kathryn43@hotmail.com,800125157,001-549-919-1859,2
Richard Lopez,23,"6875 Hill Forks
Teresaland, AL 58910",justinallen@quinn.info,268619593,+1-418-560-8033x44588,1
Ralph Bush,24,"03975 Mills Square Apt. 322
Port Claudia, MI 34792",bradleyamy@doyle.com,625774276,+1-866-778-9252x6524,2
David Webb,25,"3613 Laura Ridges Suite 762
South Theresa, VA 98493",stevenrodriguez@gmail.com,569906245,993.305.1410,1
Kim Russell,26,"887 Kelley Walk Apt. 960
East Martha, CT 59649",cindy11@wood.com,328037408,001-136-251-3102x24346,2
Michael Holt,27,"3499 David Lake Suite 745
South Dylan, AK 03041",rmiller@hubbard-benitez.com,969677194,882-041-3572,2
Mr. Justin Cook,28,"Unit 9907 Box 4757
DPO AE 46640",ofritz@richards.com,796337665,737.675.5823,2
Timothy Wood,29,"836 Bates Points
Port Andrewshire, GA 83721",christina78@yahoo.com,636808209,001-948-037-6474,1
Yolanda Hines,30,"812 Mccarthy Viaduct Apt. 376
Kristinamouth, AL 43563",cscott@hotmail.com,975617669,(659)333-4905,2
Jasmine Kelly,31,"697 Reynolds Dam Apt. 423
Jacobland, MO 89387",fitzgeraldelizabeth@yahoo.com,569390187,843-277-1394,1
Robert Smith,32,"Unit 2774 Box 4368
DPO AE 01041",smithtimothy@wallace.com,325459789,001-595-596-1706x9253,1
Jonathan Smith,33,"322 Smith Pines Suite 052
Lake Scotthaven, NM 11543",debragriffin@hotmail.com,325603096,796.397.5185x7448,2
Erin Marshall,34,"04382 Edward Mountains Suite 369
Georgeberg, ME 94518",sethsmith@robinson.com,819212515,793.145.6997x893,2
Mark Ford,35,"07900 Friedman Ferry Suite 170
South Christina, WV 53142",millerricardo@hotmail.com,444056964,+1-407-009-2402,1
Cynthia Lee,36,"368 Jones Estates Apt. 059
Jonesstad, NY 59968",christinaflores@jones.org,717643055,+1-822-188-2029x6929,1
Sean Hood,37,"7426 Middleton Hill Suite 303
Millerview, CO 23232",cynthiaevans@hernandez.com,30122773,+1-348-069-6954x792,1
Kim Stephens,38,"12967 Ryan Shoals Apt. 994
Port Jesse, MO 86007",karen28@johnson.com,622536043,(092)586-3570x54204,1
Adam Mckinney,39,"572 Tammy Forest
Youngside, SD 92567",fwilliams@lewis-wu.org,747822485,813.559.4153x962,2
Valerie Brown,40,"2739 Hood Rest Apt. 962
Johnburgh, UT 27169",qmcgee@gmail.com,857630459,869.591.7228,1
Jason Pace,41,"19964 Edwards Pines
South Jeremystad, AZ 79080",tjohnson@yahoo.com,204909440,001-517-371-6236x2223,2
Gregory Anderson,42,"5395 Brandon Freeway Apt. 858
North Melissa, OR 60184",julie98@cortez.com,241114561,+1-282-173-3048x555,1
Rebecca Avila,43,"78969 Mcguire Springs Suite 562
Port Christopher, NJ 29478",pwilson@sanchez.com,494808313,773.248.1617,1
Morgan Leon,44,"853 Virginia Cape Suite 757
Wilsonport, SC 89614",miranda94@yahoo.com,315164793,001-853-081-5933x565,2
Fernando Hunt,45,"9609 Conner Track Apt. 859
Kristenberg, MD 40765",abigailkelly@johnson.net,505327194,5863279231,2
Jason Luna,46,"204 Laura Hill
Craigland, OK 08760",rodriguezrhonda@yahoo.com,892962448,600.123.2569x570,2
Gregory Howell,47,"036 Tyler Groves Suite 302
Danielsfurt, WV 45483",david12@young.org,394523505,213-496-7129x11054,2
Miguel Sharp MD,48,"47921 Johnson Expressway Suite 742
Oliviaport, PA 16931",sgeorge@ramos-acevedo.net,763963140,001-600-899-5324,2
Stephanie Acosta,49,"7067 Henderson Knoll
Joshuashire, NJ 84213",joshuahenderson@pierce-ramos.com,594590875,001-365-629-8075x05840,2
Julia Davis,50,"0246 Brown Roads Suite 606
North Luisburgh, WI 38462",barkerbrent@berg-dougherty.com,25832528,674-440-7862,1
Amy Woods,51,"247 Sheila Centers
North Troybury, WA 43836",paul38@byrd.info,97866586,2338512573,2
Julie Dunn,52,"758 Ruth Mall
Briggstown, MA 48538",melissawebb@gmail.com,79987146,883-656-1878x6532,1
Nicole Mcdonald,53,"7229 Michelle Forges Suite 411
Hardyview, VT 06858",frederickmarshall@evans.biz,520620439,+1-692-758-5774x3951,1
Jennifer Mendoza,54,"11916 Katherine Creek
Kathleenport, ND 68479",susanchapman@gmail.com,260613460,203-605-2009x1103,1
Rachel Fisher,55,"38507 Newman Loop Suite 268
Tommyberg, UT 25108",bgarcia@johnson.org,511962082,650-424-8808,2
Jorge Thomas,56,"013 Tabitha Cliff
Stevenmouth, NJ 04089",jason19@yahoo.com,527088924,921-668-1704x3013,1
Robert Hicks,57,"1639 Delacruz Park
East Linda, DC 18242",powelllarry@hotmail.com,181982363,(335)290-8992,1
Terry Watson,58,"0047 Lori Square
East Josechester, KS 29146",kaiserwilliam@hotmail.com,87147005,(426)053-2668,1
Carlos Wood,59,"53828 Laura Spurs
Lauraville, DE 53316",hillwilliam@hotmail.com,623072602,440-516-4972x0722,2
Richard Weiss,60,"316 Robert Dam
North Christina, MA 15552",carla37@gmail.com,729577216,521-212-3209x2220,1
Sarah Clark,61,"04967 Nguyen Circle Suite 871
Lake Andrea, NY 87021",wsanchez@christian.com,696739719,853.981.8171,2
Briana Wu,62,"534 Campbell View
Sandersland, FL 59798",rachelsmith@frey.com,520971718,(177)732-3856x95766,1
Raven Jordan,63,"6132 Spencer Corner Apt. 383
Lake Loriberg, MA 96874",rayalexa@yahoo.com,785949232,001-870-036-3211,1
Angelica Gibbs,63,"68574 Coleman Villages Suite 522
North Erikaton, CA 83413",yarnold@smith-bruce.com,519768710,+1-378-867-9488x99135,1
Tammy Jacobs,65,"57458 Collier Junctions Suite 288
Lake Nicholas, CT 00530",scottroger@gmail.com,64271785,227.597.0062,1
Michael Evans,66,"921 Ramirez Mount
New Anthonyville, ND 52047",steven80@yahoo.com,357901640,6777129275,2
Tony Pham,67,"Unit 3715 Box 5620
DPO AA 18266",kendrapena@yahoo.com,830210363,001-094-782-5703,2
Miss Carrie Underwood,68,"USNV Morris
FPO AA 49085",amy45@hotmail.com,696962875,0792914312,2
Ryan Russell,69,"70003 Tiffany Drives
Robertchester, IA 05998",michael78@walters.com,896950954,001-266-212-7928x22281,2
Kimberly Bennett,70,"70851 Daniel Station Apt. 975
Hernandezton, IL 77476",smithmichelle@gmail.com,196811583,(083)724-9058x016,2
Joshua Neal,71,"1324 William Glens
New Jenniferland, IL 16679",wheelerbrandon@hotmail.com,893866597,001-256-341-5493x0374,2
Robert Rodriguez,72,"9483 Patricia Greens Suite 612
West Daniel, CT 37484",steven70@gmail.com,291010345,562-175-6225x4306,1
Blake Ford,73,"933 Casey Court Apt. 193
Lake Douglas, AL 33325",wrightsally@hotmail.com,915064128,276-740-5323x764,1
Chad Garcia,74,"195 Rollins Land Suite 478
North Angelastad, IN 84674",john27@schaefer.com,11426912,(530)211-7419,1
Autumn Webb,75,"198 Frazier Branch Suite 399
South Sharon, AR 75490",davidreed@hotmail.com,174039328,907-357-6151x4325,2
Elizabeth Singleton,76,"87020 Horton Valleys
Rodriguezfurt, WV 03348",jeffreyhahn@dawson-myers.biz,565067343,173.672.3805,2
Sarah Thompson,77,"Unit 0218 Box 2805
DPO AA 08015",williamchavez@yahoo.com,333387701,+1-444-121-3206x307,1
Sarah Martin,78,"5963 Strong Points
Lake Kayla, SC 51830",earllee@gmail.com,355405632,406-810-6283,1
Pamela Herrera,79,"3416 Gregory Rapids Suite 629
North Nicolehaven, IL 93329",cardenasthomas@yahoo.com,71585472,539.557.9029,1
Shannon Horn,80,"USNS Buchanan
FPO AA 82885",brian88@pitts-bush.com,708960117,(297)388-2854,1
Christopher Edwards,81,"32230 Jeffery Via Apt. 616
West Tanya, WA 77567",pmcclain@castro-humphrey.com,626043010,(204)535-1285x920,2
Brandon Hester,82,"0169 Summers Vista
West Stuart, UT 98685",huertatracie@yahoo.com,326481119,836.687.2362x166,2
Mariah Jackson,83,"558 Bryan Isle
New Raymond, AL 55316",eperry@wilson.com,599800533,(382)120-4674,2
Carol Lawson,84,"747 Miller Point
Georgeton, UT 90920",joneskelsey@hotmail.com,492953650,783.291.2840,2
Heather Collins,85,"7878 Nelson Stravenue
New Jacob, NE 62801",thomashansen@hotmail.com,573712035,+1-960-564-8502x177,2
Joshua Delgado,86,"741 Morgan Underpass
South Sheila, IL 16740",greenbrandon@gmail.com,56103750,101-802-6501x00181,1
Jerry Greene,87,"60823 Lauren Wall Apt. 074
New Kellyside, MI 21097",jay56@white-wiggins.com,867865303,(703)649-5080x4789,1
Connor Wagner,88,"506 Brandy Rapid
Dawsonberg, RI 42470",haley03@boyd-harris.com,355813998,0195959907,1
Marcia Randolph,89,"327 Roberts Neck
Gonzalezshire, WA 18952",huntrussell@smith.com,118434130,508.559.9292,2
John Price,90,"PSC 5622, Box 3709
APO AA 38900",daniel62@powell.com,779362405,546-202-9331x88558,1
Bill Hopkins,91,"54675 Matthew Key
Torresstad, ME 64087",briannaweeks@gmail.com,499561637,288-662-8572,1
Ryan Harrison,92,"66252 Trevor Harbor Apt. 887
Lake Ambertown, TN 81820",carrie64@hotmail.com,179287266,001-320-723-6362x5909,2
Donald Young,93,"223 Dawson Mall Suite 571
Smithburgh, MS 75952",stanleyhall@hotmail.com,667230218,929-112-6985x483,2
Louis Gilbert,94,"530 Brown Corner
Thompsontown, WV 70738",pgreene@hotmail.com,311310607,461.203.7672x451,2
Marcus Martin,95,"PSC 6227, Box 1600
APO AP 14578",jamesjenkins@harmon-randall.com,319413369,+1-071-678-3536x79738,1
Sharon Ingram,96,"132 Vargas Turnpike
Danielbury, DE 40715",seanbishop@yahoo.com,861461933,270.214.8473x8548,2
Kyle Martinez,97,"USS Greene
FPO AA 26511",haleronald@vargas-hernandez.info,61660425,676-110-6562x32575,2
Elizabeth Rodriguez,98,"3551 Rodriguez Port Apt. 808
Lake Charles, WI 24322",kathyrodriguez@thompson.biz,603449840,(677)161-5260x6354,1
Christopher Gomez,99,"875 Jennifer Oval Suite 067
West Phillipmouth, IL 91337",marcus34@hotmail.com,917844640,001-066-886-7181x1777,2
Brian Morton,100,"431 Rodriguez Estate Suite 894
New Christopherview, TN 74616",garnold@bender-caldwell.com,843106189,+1-352-961-6835x0739,2
